{"cameraMode":{"drawMode":0,"name":"Shaded","section":"Shading Mode"},"sceneLighting":true,"audioPlay":false,"sceneViewState":{"showFog":true,"showMaterialUpdate":false,"showSkybox":true,"showFlares":true,"showImageEffects":true,"showParticleSystems":true},"in2DMode":false,"pivot":{"x":8.289113998413086,"y":-34.317996978759769,"z":15.375638961791993},"rotation":{"x":-0.1047726720571518,"y":0.7811186909675598,"z":-0.13634522259235383,"w":-0.6002424955368042},"size":21.54559326171875,"orthographic":false}