{"cameraMode":{"drawMode":0,"name":"Shaded","section":"Shading Mode"},"sceneLighting":true,"audioPlay":false,"sceneViewState":{"showFog":true,"showMaterialUpdate":false,"showSkybox":true,"showFlares":true,"showImageEffects":true,"showParticleSystems":true},"in2DMode":false,"pivot":{"x":17.024063110351564,"y":-48.58405303955078,"z":-23.86444664001465},"rotation":{"x":-0.12803569436073304,"y":0.7330530285835266,"z":-0.143878772854805,"w":-0.6523334383964539},"size":53.06089782714844,"orthographic":false}